{
    "3": {
        "params": {
            "n_estimators": 50,
            "max_depth": 5,
            "learning_rate": 0.01,
            "subsample": 0.8
        },
        "avg_robust_logloss": 0.6057068352160032,
        "final_accuracy": 0.768762677484787,
        "final_logloss": 0.5106288403168253
    },
    "5": {
        "params": {
            "n_estimators": 50,
            "max_depth": 3,
            "learning_rate": 0.01,
            "subsample": 1.0
        },
        "avg_robust_logloss": 0.6651242901237113,
        "final_accuracy": 0.6531440162271805,
        "final_logloss": 0.6321911682432177
    },
    "7": {
        "params": {
            "n_estimators": 50,
            "max_depth": 3,
            "learning_rate": 0.03,
            "subsample": 0.8
        },
        "avg_robust_logloss": 0.670416525968751,
        "final_accuracy": 0.6267748478701826,
        "final_logloss": 0.614042360928157
    },
    "14": {
        "params": {
            "n_estimators": 200,
            "max_depth": 3,
            "learning_rate": 0.01,
            "subsample": 0.5
        },
        "avg_robust_logloss": 0.6822374564972412,
        "final_accuracy": 0.6896551724137931,
        "final_logloss": 0.6142301963131523
    },
    "21": {
        "params": {
            "n_estimators": 50,
            "max_depth": 5,
            "learning_rate": 0.01,
            "subsample": 1.0
        },
        "avg_robust_logloss": 0.6926633500517644,
        "final_accuracy": 0.6754563894523327,
        "final_logloss": 0.6479286901116474
    },
    "30": {
        "params": {
            "n_estimators": 50,
            "max_depth": 5,
            "learning_rate": 0.01,
            "subsample": 1.0
        },
        "avg_robust_logloss": 0.7032467404004149,
        "final_accuracy": 0.5963488843813387,
        "final_logloss": 0.6488714905099489
    }
}