feature,importance
fii_net,0.1987988861519273
bn_ret,0.18383925039787738
pcr,0.1626356357403692
vix_change,0.14204937290901906
sp_ret,0.1362143641280677
vix,0.13135437685435802
usdinr,0.02304944750703445
spread,0.022058666311346876
