feature,importance
atr10,0.45432340206972577
atr5,0.3396200058857032
nifty_ret,0.06656799906100372
vix,0.049158077984199904
vix_ret,0.0224750720984885
pcr,0.02183230437880654
usdinr_vel,0.01986007786759564
sp500_ret,0.01697640914736816
crude_ret,0.009186651507108758
