feature,importance
atr10,0.4785540321233949
atr5,0.353590170644134
nifty_ret,0.06485458367404882
vix,0.04474840648675579
pcr,0.01529382673048607
vix_ret,0.014272063584257425
usdinr_vel,0.01351847245909865
sp500_ret,0.010629898760276797
crude_ret,0.004538545537547441
