feature,importance
atr10,0.4521307177582983
atr5,0.34379954496577514
nifty_ret,0.06573292402247259
vix,0.0509803620639688
vix_ret,0.021365202188215644
pcr,0.020732549799130723
usdinr_vel,0.018889352287848986
sp500_ret,0.016945367249813607
crude_ret,0.00942397966447628
