feature,importance
atr10,0.38479737101708694
atr5,0.3014712276645536
nifty_ret,0.09776006505740677
vix,0.067068537301457
vix_ret,0.040499645348765476
sp500_ret,0.03290772192185102
pcr,0.028841954710446455
usdinr_vel,0.028585135578397303
crude_ret,0.018068341400035413
