feature,importance
atr10,0.4513189826876558
atr5,0.3431923010687504
nifty_ret,0.06720762740378114
vix,0.05216275354395019
vix_ret,0.020890015028571293
usdinr_vel,0.019946344840198454
pcr,0.0199051819161825
sp500_ret,0.015317952139027652
crude_ret,0.010058841371882498
