feature,importance
atr10,0.44723016843959057
atr5,0.34536284819602375
nifty_ret,0.07083269602794204
vix,0.05293009093574264
vix_ret,0.020690877583456044
pcr,0.01958331955404549
usdinr_vel,0.016942988598310164
sp500_ret,0.016068977071187724
crude_ret,0.010358033593701556
