feature,importance
atr10,0.3918146558265203
atr5,0.3752570040564858
vix,0.08416721876668483
nifty_ret,0.06219274887491854
pcr,0.02934992207686852
sp500_ret,0.021627463924963557
vix_ret,0.017650775027123724
crude_ret,0.009823789512561411
usdinr_vel,0.008116421933873179
