feature,importance
atr10,0.46283865308125643
atr5,0.32770271478523927
nifty_ret,0.0718917008423066
vix,0.05141333786246562
vix_ret,0.02034937992445433
usdinr_vel,0.019771607319742743
pcr,0.019664891955475182
sp500_ret,0.015880725972261152
crude_ret,0.010486988256798627
