feature,importance
atr10,0.456641191328499
atr5,0.3386889409074743
nifty_ret,0.06673296789914995
vix,0.0506214545033024
vix_ret,0.021258304640117274
pcr,0.020758129854216052
usdinr_vel,0.019954473066803834
sp500_ret,0.015642586605679465
crude_ret,0.009701951194757717
