feature,importance
atr10,0.44634766167605955
atr5,0.3463664549551078
nifty_ret,0.06782672340926636
vix,0.04931992563747299
pcr,0.023224729056591887
vix_ret,0.021630808191585242
usdinr_vel,0.018646080956997484
sp500_ret,0.016034473488238492
crude_ret,0.010603142628680073
