feature,importance
atr10,0.4697830682819793
atr5,0.3574064667003609
nifty_ret,0.06143689765299271
vix,0.04713783090960549
usdinr_vel,0.016788486347383794
pcr,0.015425757684603345
sp500_ret,0.013576064528772538
vix_ret,0.013312895619019037
crude_ret,0.005132532275282959
