feature,importance
atr10,0.4512973286033999
atr5,0.33485042155652056
nifty_ret,0.06852429950863827
vix,0.04917461210910762
vix_ret,0.024787273316012062
pcr,0.024032674242403403
usdinr_vel,0.01977013099620971
sp500_ret,0.016387631091770404
crude_ret,0.011175628575938117
