feature,importance
atr10,0.4475906917026875
atr5,0.3423943571337087
nifty_ret,0.06652416759074639
vix,0.05124940597237156
vix_ret,0.023685676112740382
pcr,0.021926155605001982
usdinr_vel,0.02045616770358413
sp500_ret,0.01639596640148619
crude_ret,0.00977741177767321
