feature,importance
atr10,0.45834582888164294
atr5,0.3339230139348096
nifty_ret,0.06896800710497064
vix,0.05048028671200635
pcr,0.022615370926591643
vix_ret,0.019982358690253575
usdinr_vel,0.019671960032932607
sp500_ret,0.01574140666152525
crude_ret,0.010271767055267481
