feature,importance
atr10,0.4539675537954069
atr5,0.33888817857099773
nifty_ret,0.06661284974186174
vix,0.05142143859015363
vix_ret,0.02330468047721986
pcr,0.021300157409063866
usdinr_vel,0.01894795117857181
sp500_ret,0.01618161779855651
crude_ret,0.00937557243816778
