feature,importance
atr10,0.4725711354762664
atr5,0.3535687451037359
nifty_ret,0.062484632673391306
vix,0.047969643877824666
usdinr_vel,0.01588327549977726
pcr,0.01585931773295793
vix_ret,0.015414906294222978
sp500_ret,0.011746881824728375
crude_ret,0.00450146151709504
