feature,importance
atr10,0.45626426216728283
atr5,0.3345637179425335
nifty_ret,0.06592081282062093
vix,0.05091776029496584
pcr,0.022376394084926088
usdinr_vel,0.02156261683823978
vix_ret,0.021143502701157137
sp500_ret,0.016474855396766713
crude_ret,0.010776077753507108
